{
    "Players In Range Display": {
        "x": 0.20833333,
        "y": 0.20833333,
        "scale": 1.0
    },
    "Necron Phase Timer": {
        "x": 0.7729167,
        "y": 0.502947,
        "scale": 1.0
    },
    "Soulflow Display": {
        "x": 0.65,
        "y": 0.85,
        "scale": 1.0
    },
    "Endstone Protector Spawn Timer": {
        "x": 0.625,
        "y": 0.083333336,
        "scale": 1.0
    },
    "Container Sell Value": {
        "x": 0.258,
        "y": 0.283,
        "scale": 1.0
    },
    "Blood Room Portal Timer": {
        "x": 0.044791665,
        "y": 0.30176818,
        "scale": 1.0
    },
    "Livid HP": {
        "x": 0.044791665,
        "y": 0.3774067,
        "scale": 1.0
    },
    "Arrow Swapper Display": {
        "x": 0.65,
        "y": 0.85,
        "scale": 1.0
    },
    "Stacking Enchant Display": {
        "x": 0.65,
        "y": 0.85,
        "scale": 1.0
    },
    "Placed Summoning Eye Display": {
        "x": 0.20833333,
        "y": 0.25,
        "scale": 1.0
    },
    "Rain Timer": {
        "x": 0.041666668,
        "y": 0.041666668,
        "scale": 1.0
    },
    "Dungeon Timer": {
        "x": 0.75208336,
        "y": 0.32351017,
        "scale": 1.0
    },
    "Seraph Display": {
        "x": 0.005729167,
        "y": 0.18942371,
        "scale": 1.0
    },
    "Hidden Jerry Timer": {
        "x": 0.041666668,
        "y": 0.041666668,
        "scale": 1.0
    },
    "Wither Shield Display": {
        "x": 0.65,
        "y": 0.85,
        "scale": 1.0
    },
    "Dungeon Map": {
        "x": 0.0,
        "y": 0.0,
        "scale": 1.0
    },
    "Spirit Bear Spawn Timer": {
        "x": 0.0421875,
        "y": 0.34990177,
        "scale": 1.0
    },
    "Show Arachne HP": {
        "x": 0.8333333,
        "y": 0.125,
        "scale": 1.0
    },
    "Dungeon Crypts Counter": {
        "x": 0.8333333,
        "y": 0.8333333,
        "scale": 2.0
    },
    "Sadan Phase Timer": {
        "x": 0.7427083,
        "y": 0.5049116,
        "scale": 1.0
    },
    "Guardian Respawn Timer": {
        "x": 0.8333333,
        "y": 0.125,
        "scale": 1.0
    },
    "Dungeon Chest Profit": {
        "x": 0.7348958,
        "y": 0.48722985,
        "scale": 1.0
    },
    "Dungeon Score Estimate": {
        "x": 0.8333333,
        "y": 0.5767845,
        "scale": 1.0
    },
    "Slayer Armor Display": {
        "x": 0.625,
        "y": 0.083333336,
        "scale": 1.0
    },
    "Totem Display": {
        "x": 0.083333336,
        "y": 0.20833333,
        "scale": 1.0
    },
    "Mayor Jerry Tracker": {
        "x": 0.625,
        "y": 0.5,
        "scale": 1.0
    },
    "Show Giant HP": {
        "x": 0.8333333,
        "y": 0.125,
        "scale": 1.0
    },
    "Mayor Jerry Perk Display": {
        "x": 0.041666668,
        "y": 0.041666668,
        "scale": 1.0
    },
    "Slayer Display": {
        "x": 0.625,
        "y": 0.083333336,
        "scale": 1.0
    },
    "Jamcat": {
        "x": 0.0,
        "y": 0.0,
        "scale": 1.0
    },
    "Spam Gui": {
        "x": 0.65,
        "y": 0.925,
        "scale": 1.0
    },
    "Crystal Hollows Map": {
        "x": 5.2083336E-4,
        "y": 0.0,
        "scale": 2.0
    },
    "Mythological Tracker": {
        "x": 0.625,
        "y": 0.5,
        "scale": 1.0
    },
    "World Age Display": {
        "x": 0.20833333,
        "y": 0.25,
        "scale": 1.0
    },
    "Item Cooldown Display": {
        "x": 0.041666668,
        "y": 0.041666668,
        "scale": 1.0
    },
    "Ping Display": {
        "x": 0.041666668,
        "y": 0.041666668,
        "scale": 1.0
    }
}