{
    "51f1a5c6-a942-4e13-9514-91563cea137c": 6500000.0,
    "c037d8df-54aa-422a-a99b-c9cb5317369f": 1.0E7,
    "e32c382c-1158-413f-a690-3cc4b24a0719": 1.5726277E7,
    "20972354-ad79-48fd-a1ad-78c2f0b5b401": 5000000.0,
    "d0a01ac3-5fd4-4302-bf92-e79b91ee5c0a": 6200000.0,
    "376602e8-bc06-4588-8346-3df0fed30ade": 1450000.0,
    "69c0428e-f04a-49d1-88e0-c13e4379cb5e": 389000.0,
    "34c58da9-2f40-4af5-8619-75dbe2e25845": 390000.0,
    "698994ff-8fcc-4b20-bb69-657a09efbabe": 1500000.0,
    "4e2fbd00-e098-40ba-b180-f99e344d46b6": 4.4E7,
    "f1e622c1-095c-4aab-8bfd-9d894bc9e117": 7000000.0,
    "fc097612-90da-48ce-a2b7-eda7adfa0795": 150000.0,
    "7e6c124e-91e1-4de6-899a-3eaf9b9eba8a": 450000.0,
    "6b8a5e7e-0693-4001-b89c-8345be672f24": 1597999.0,
    "e6351ed8-1030-4052-8b81-8b80b50d95e9": 425000.0,
    "52d3339c-d71b-498c-a6e5-63bc05a5a402": 2000000.0,
    "800e154f-ba18-493c-bedc-108bbdf34ff6": 430000.0,
    "d03a7b24-f07b-401d-9114-62b4413ed11f": 9200000.0,
    "ca2e3e1a-7d59-4002-ba6c-7ef1e5424584": 449000.0,
    "e16aa700-e90a-4378-930a-fabcab4d9ced": 4440000.0,
    "e40bab15-71cd-4d12-9595-264972034bef": 3.4299E7,
    "3e4da759-ea50-4222-a0f6-3f7eacf34119": 549000.0,
    "a17874f8-d019-4cd5-862d-c27329b908b4": 870000.0,
    "d213a1d6-08f3-45ae-9789-cf7fde8eb80a": 1100000.0,
    "f150bc6f-3341-442e-954f-ab80c9c4bf49": 1100000.0,
    "e5bce280-048a-4c4d-abc5-75d87d83b361": 2600000.0,
    "c76a010d-972a-44be-b115-1437d44b3846": 1100000.0,
    "1bf69b77-5367-444a-8688-fd4cdc03b55f": 6000000.0,
    "30551a8b-ae9d-4956-b4a1-1f9d288c3944": 6800000.0,
    "50fc4307-30c0-4deb-b26a-deb4eb70b820": 1.43E7,
    "b2ecc25b-e0a7-4ef5-9139-0e70103df286": 500000.0,
    "be781655-3379-43b0-b946-03c65b65cab9": 578999.0,
    "6ccc6781-ee46-4d39-80de-601bfe998dd2": 690000.0,
    "df7ca03e-3081-4db8-a57b-1265c65573ac": 690000.0,
    "2045f55e-3851-4175-906b-e5f312e054ee": 849000.0,
    "4739686a-2e51-4f95-87c9-ac07690e47cb": 800000.0,
    "ed26fb4a-481d-4cbd-ae43-cdc0c5586016": 1700000.0,
    "94849572-134e-43ad-b7a4-0988a0778509": 2.2E7,
    "38de5e4a-e0a2-4458-9ac1-619acc6036bd": 4500000.0,
    "759b317f-b3cb-430a-8652-df4d13ac794e": 1.3999999E7,
    "60f3d528-72cb-42fd-be17-13eed48020c4": 1.5E7,
    "bc0a6a64-3fbc-4a6b-a1ef-d97f09f1417b": 1.5E7,
    "01af6c72-80ad-443e-8a1f-8c0e9d88e5fb": 1.6E7,
    "eb74a003-83bf-4727-828b-9ce7a9218820": 1.1E7,
    "bc82bf44-df89-404e-89bd-d6c89d9dab06": 8000000.0,
    "db421e86-2ed4-43e0-aeb7-19efa614c576": 1500000.0,
    "e9456132-cdcd-4f99-8a57-ae94630cc364": 1499000.0,
    "5b5378d8-7fbe-4f94-9afd-96f6af2211b7": 3200000.0,
    "8f674bf9-9d7a-4f2f-a294-88a91000c1d3": 2050000.0,
    "8ca22170-6aec-4dc5-a11a-d4ac4c503860": 1600000.0,
    "f6b391eb-43bf-4337-a9ee-23280a2597ed": 2190000.0,
    "3ec26526-8ad4-4a4b-aa9b-24171b52304f": 2999999.0,
    "8003fa42-f741-44c5-a26f-3691237564e1": 2400000.0,
    "992b85b6-8d19-46d2-94cd-9582aa2dce5d": 3750000.0,
    "36902653-f860-48c7-84d7-c337dc362883": 2900000.0,
    "405561dd-28e3-4184-b8da-cb42d5d70887": 1.299999E7,
    "c04fb79f-76c0-4b6d-bc17-37fd7568126a": 1.15E7,
    "417453f5-498e-485c-9ad2-4ef96ceab41d": 7000000.0,
    "28e7355b-8aa8-4c1c-bccf-b7c927c780c8": 10000.0,
    "4fc4e00e-dcd9-401e-afa6-f75bb91cc290": 10000.0,
    "879c9cfe-fc35-415d-99c8-7bccdc6a70bc": 10000.0,
    "6b2067e5-63fc-45b6-8610-5f211fcc4c78": 800000.0,
    "3defcc64-8053-4e34-967d-216d19885969": 495000.0,
    "d5301790-dbb4-4f9b-831c-ea91b5e64bfd": 20180.0,
    "40371300-8d59-4382-b00c-c26c74dc66e8": 869000.0,
    "e7a4ee40-7eca-4de2-9ebc-d747cbda28bf": 7.45E7,
    "e26b1546-a685-4f4f-9c92-7dd832ce8b3b": 6500000.0,
    "89ec8316-d6a4-40a5-908e-67b68cd69bfb": 3.0E7,
    "f031203f-fc39-4985-a641-12c0a73c1144": 9000000.0,
    "1606b4b6-2c9e-46eb-85a6-8f529c681680": 1.0E7,
    "8f352b54-edb9-416a-a006-a619a4ed1256": 6200000.0,
    "55a5d861-050a-4cba-9955-1f4bf283cc7b": 4889999.0,
    "dc7bf410-256e-41ee-a099-00e0687df10e": 1.2998E7,
    "d141ff1e-ef16-4320-9394-fa1927c1fd5d": 8500000.0,
    "9ef88799-3706-4de0-b130-653766519f8a": 9100000.0,
    "a00a7fa3-c7c8-46de-afbe-ae2df118cb13": 670000.0,
    "ef8a685a-f539-4b01-b023-e0faeee438e1": 7499999.0,
    "4c37827f-17b1-4fe3-ab28-faf8ecb82f6d": 2.85E7,
    "6683d130-43db-4a71-96ad-7b084def7dbd": 100000.0,
    "d37852f3-c1d9-4348-ba4f-be28e316cadf": 5699999.0,
    "ef0d10c1-e8b2-48ec-84c6-3fe4d024783c": 1.75E7,
    "af2c9005-f1ba-4cd1-8988-78d61233e261": 899000.0,
    "1f0da861-bbf9-479b-8a05-99a7075e27e3": 4.1E7,
    "f31af8a2-5f46-4197-8cfc-3e7da112c937": 2.6999999E7,
    "b414ab95-3f03-4fb0-852a-649b0fa7cc1b": 200000.0,
    "4d5aa381-61f7-4a9e-a6e8-2336e23d3790": 46000.0,
    "05653b46-9b1c-4f99-abf4-5609cf367a03": 80000.0,
    "cf7f7fec-a25a-49d0-8a12-ad3d9197db13": 879000.0,
    "c86bd684-c554-4251-8c25-e7261370b6dc": 6890000.0,
    "8cf35664-c94e-46a4-b89b-75b861a65d25": 1.65E7,
    "d7bb975c-dd1f-4488-8f37-27574f5eac0d": 699000.0,
    "34a72148-3446-4114-9a51-d1ca3c181daf": 189999.0,
    "4a44fcab-2ae9-46a0-bc5c-6de3a7eebea3": 15000.0,
    "13795427-a2ba-4ad5-a7e7-b239fe666e66": 15000.0,
    "96b83469-a335-413e-96f2-5ac31e1d14f8": 100000.0,
    "a94adc25-b300-46fc-b5f3-6cc429622bbb": 58000.0,
    "a42d4866-eba4-40ed-af90-202473cf5599": 850000.0,
    "4374aa79-9b5e-41ec-ba7e-ef91941bf3da": 850000.0
}